{
  "num_leaves": 27,
  "max_depth": 6,
  "learning_rate": 0.01810697523059683,
  "feature_fraction": 0.44567745576224926,
  "bagging_fraction": 0.8431458068474126,
  "min_child_samples": 188,
  "lambda_l1": 0.4074090719206423,
  "lambda_l2": 6.820750487188024
}