{
  "num_leaves": 28,
  "max_depth": 4,
  "learning_rate": 0.04212623302262368,
  "feature_fraction": 0.6837669385276859,
  "bagging_fraction": 0.6688144129987956,
  "min_child_samples": 203,
  "lambda_l1": 5.3133515594805685,
  "lambda_l2": 0.40125442541705575
}