{
  "num_leaves": 30,
  "max_depth": 4,
  "learning_rate": 0.04499796759391146,
  "feature_fraction": 0.5591042300692137,
  "bagging_fraction": 0.6006468290030734,
  "min_child_samples": 498,
  "lambda_l1": 5.220122681023256,
  "lambda_l2": 0.5439167002271842
}