{
  "num_leaves": 22,
  "max_depth": 5,
  "learning_rate": 0.02281358008307866,
  "feature_fraction": 0.4469805923909977,
  "bagging_fraction": 0.5365199868191737,
  "min_child_samples": 443,
  "lambda_l1": 3.5503131209115537,
  "lambda_l2": 0.19104178811124167
}